2020-06-18, 776, ["(0)全部'"]
2020-06-17, 2588, ["(0)全部'"]
2020-06-16, 417, ["(0)全部'"]
2020-06-15, 232, ["(0)全部'"]
2020-06-14, 481, ["(0)全部'"]
2020-06-13, 1403, ["(0)全部'"]
2020-06-12, 2228, ["(0)全部'"]
2020-06-11, 894, ["(0)全部'"]
总计, 9019, ["(0)全部'"]
2020-06-18, 3, ["(745115)745115-【H5】达叔传奇-短信专用-555(安卓)-达叔传奇-19-10'"]
2020-06-17, 7, ["(745115)745115-【H5】达叔传奇-短信专用-555(安卓)-达叔传奇-19-10'"]
2020-06-16, 12, ["(745115)745115-【H5】达叔传奇-短信专用-555(安卓)-达叔传奇-19-10'"]
2020-06-15, 30, ["(745115)745115-【H5】达叔传奇-短信专用-555(安卓)-达叔传奇-19-10'"]
2020-06-14, 68, ["(745115)745115-【H5】达叔传奇-短信专用-555(安卓)-达叔传奇-19-10'"]
2020-06-13, 595, ["(745115)745115-【H5】达叔传奇-短信专用-555(安卓)-达叔传奇-19-10'"]
总计, 715, ["(745115)745115-【H5】达叔传奇-短信专用-555(安卓)-达叔传奇-19-10'"]
